{"strategy":{"SampleStrategy":{"trades":[{"pair":"BTC/USDT:USDT","stake_amount":230.5206,"max_stake_amount":230.5206,"amount":0.002,"open_date":"2025-09-16 11:25:00+00:00","close_date":"2025-09-16 17:10:00+00:00","open_rate":115260.3,"close_rate":116551.99037422454,"fee_open":0.0006,"fee_close":0.0006,"trade_duration":345,"profit_ratio":0.009959201257372999,"profit_abs":2.29717853,"exit_reason":"roi","initial_stop_loss_abs":103734.27,"initial_stop_loss_ratio":-0.1,"stop_loss_abs":103734.27,"stop_loss_ratio":-0.1,"min_rate":114688.0,"max_rate":116618.3,"is_open":false,"enter_tag":"","leverage":1.0,"is_short":false,"open_timestamp":1758021900000,"close_timestamp":1758042600000,"orders":[{"amount":0.002,"safe_price":115260.3,"ft_order_side":"buy","order_filled_timestamp":1758021900000,"ft_is_entry":true,"ft_order_tag":"","cost":230.65891236},{"amount":0.002,"safe_price":116551.99037422454,"ft_order_side":"sell","order_filled_timestamp":1758042600000,"ft_is_entry":false,"ft_order_tag":"roi","cost":233.24384313689814}],"funding_fees":-0.008027473600000001},{"pair":"BTC/USDT:USDT","stake_amount":232.7516,"max_stake_amount":232.7516,"amount":0.002,"open_date":"2025-09-17 04:05:00+00:00","close_date":"2025-09-18 03:20:00+00:00","open_rate":116375.8,"close_rate":117679.99147488494,"fee_open":0.0006,"fee_close":0.0006,"trade_duration":1395,"profit_ratio":0.009802163888037538,"profit_abs":2.28283821,"exit_reason":"roi","initial_stop_loss_abs":104738.22,"initial_stop_loss_ratio":-0.1,"stop_loss_abs":104738.22,"stop_loss_ratio":-0.1,"min_rate":114710.0,"max_rate":117787.2,"is_open":false,"enter_tag":"","leverage":1.0,"is_short":false,"open_timestamp":1758081900000,"close_timestamp":1758165600000,"orders":[{"amount":0.002,"safe_price":116375.8,"ft_order_side":"buy","order_filled_timestamp":1758081900000,"ft_is_entry":true,"ft_order_tag":"","cost":232.89125096},{"amount":0.002,"safe_price":117679.99147488494,"ft_order_side":"sell","order_filled_timestamp":1758165600000,"ft_is_entry":false,"ft_order_tag":"roi","cost":235.50119893953973}],"funding_fees":-0.044677791642999995},{"pair":"BTC/USDT:USDT","stake_amount":233.7392,"max_stake_amount":233.7392,"amount":0.002,"open_date":"2025-09-18 23:35:00+00:00","close_date":"2025-09-28 21:05:00+00:00","open_rate":116869.6,"close_rate":110796.6,"fee_open":0.0006,"fee_close":0.0006,"trade_duration":14250,"profit_ratio":-0.054414095563348294,"profit_abs":-12.72633839,"exit_reason":"exit_signal","initial_stop_loss_abs":105182.64000000001,"initial_stop_loss_ratio":-0.1,"stop_loss_abs":105182.64000000001,"stop_loss_ratio":-0.1,"min_rate":108550.0,"max_rate":117417.6,"is_open":false,"enter_tag":"","leverage":1.0,"is_short":false,"open_timestamp":1758238500000,"close_timestamp":1759093500000,"orders":[{"amount":0.002,"safe_price":116869.6,"ft_order_side":"buy","order_filled_timestamp":1758238500000,"ft_is_entry":true,"ft_order_tag":"","cost":233.87944352},{"amount":0.002,"safe_price":110796.6,"ft_order_side":"sell","order_filled_timestamp":1759093500000,"ft_is_entry":false,"ft_order_tag":"exit_signal","cost":221.72615592}],"funding_fees":-0.3071389536714},{"pair":"BTC/USDT:USDT","stake_amount":226.9302,"max_stake_amount":226.9302,"amount":0.002,"open_date":"2025-09-30 08:50:00+00:00","close_date":"2025-09-30 21:00:00+00:00","open_rate":113465.1,"close_rate":114736.67206323794,"fee_open":0.0006,"fee_close":0.0006,"trade_duration":730,"profit_ratio":0.009981176906894587,"profit_abs":2.26638949,"exit_reason":"roi","initial_stop_loss_abs":102118.59000000001,"initial_stop_loss_ratio":-0.1,"stop_loss_abs":102118.59000000001,"stop_loss_ratio":-0.1,"min_rate":112603.9,"max_rate":114751.4,"is_open":false,"enter_tag":"","leverage":1.0,"is_short":false,"open_timestamp":1759222200000,"close_timestamp":1759266000000,"orders":[{"amount":0.002,"safe_price":113465.1,"ft_order_side":"buy","order_filled_timestamp":1759222200000,"ft_is_entry":true,"ft_order_tag":"","cost":227.06635812},{"amount":0.002,"safe_price":114736.67206323794,"ft_order_side":"sell","order_filled_timestamp":1759266000000,"ft_is_entry":false,"ft_order_tag":"roi","cost":229.61102813295176}],"funding_fees":-0.002912513184},{"pair":"BTC/USDT:USDT","stake_amount":237.9564,"max_stake_amount":237.9564,"amount":0.002,"open_date":"2025-10-02 15:10:00+00:00","close_date":"2025-10-02 18:50:00+00:00","open_rate":118978.2,"close_rate":120311.55585351211,"fee_open":0.0006,"fee_close":0.0006,"trade_duration":220,"profit_ratio":0.009902319281394782,"profit_abs":2.35773404,"exit_reason":"roi","initial_stop_loss_abs":107080.38,"initial_stop_loss_ratio":-0.1,"stop_loss_abs":107080.38,"stop_loss_ratio":-0.1,"min_rate":118954.6,"max_rate":120482.6,"is_open":false,"enter_tag":"","leverage":1.0,"is_short":false,"open_timestamp":1759417800000,"close_timestamp":1759431000000,"orders":[{"amount":0.002,"safe_price":118978.2,"ft_order_side":"buy","order_filled_timestamp":1759417800000,"ft_is_entry":true,"ft_order_tag":"","cost":238.09917384},{"amount":0.002,"safe_price":120311.55585351211,"ft_order_side":"sell","order_filled_timestamp":1759431000000,"ft_is_entry":false,"ft_order_tag":"roi","cost":240.76748557404844}],"funding_fees":-0.021829959496},{"pair":"BTC/USDT:USDT","stake_amount":239.3516,"max_stake_amount":239.3516,"amount":0.002,"open_date":"2025-10-03 07:50:00+00:00","close_date":"2025-10-03 15:15:00+00:00","open_rate":119675.8,"close_rate":121016.97366419852,"fee_open":0.0006,"fee_close":0.0006,"trade_duration":445,"profit_ratio":0.009993344503242421,"profit_abs":2.39335815,"exit_reason":"roi","initial_stop_loss_abs":107708.22,"initial_stop_loss_ratio":-0.1,"stop_loss_abs":107708.22,"stop_loss_ratio":-0.1,"min_rate":119160.0,"max_rate":121350.8,"is_open":false,"enter_tag":"","leverage":1.0,"is_short":false,"open_timestamp":1759477800000,"close_timestamp":1759504500000,"orders":[{"amount":0.002,"safe_price":119675.8,"ft_order_side":"buy","order_filled_timestamp":1759477800000,"ft_is_entry":true,"ft_order_tag":"","cost":239.49521096},{"amount":0.002,"safe_price":121016.97366419852,"ft_order_side":"sell","order_filled_timestamp":1759504500000,"ft_is_entry":false,"ft_order_tag":"roi","cost":242.17916769679408}],"funding_fees":-0.000157851936},{"pair":"BTC/USDT:USDT","stake_amount":243.628,"max_stake_amount":243.628,"amount":0.002,"open_date":"2025-10-04 02:00:00+00:00","close_date":"2025-10-05 02:30:00+00:00","open_rate":121814.0,"close_rate":123179.13588152891,"fee_open":0.0006,"fee_close":0.0006,"trade_duration":1470,"profit_ratio":0.00978600412609413,"profit_abs":2.3855751,"exit_reason":"roi","initial_stop_loss_abs":109632.6,"initial_stop_loss_ratio":-0.1,"stop_loss_abs":109632.6,"stop_loss_ratio":-0.1,"min_rate":121472.9,"max_rate":124235.0,"is_open":false,"enter_tag":"","leverage":1.0,"is_short":false,"open_timestamp":1759543200000,"close_timestamp":1759631400000,"orders":[{"amount":0.002,"safe_price":121814.0,"ft_order_side":"buy","order_filled_timestamp":1759543200000,"ft_is_entry":true,"ft_order_tag":"","cost":243.7741768},{"amount":0.002,"safe_price":123179.13588152891,"ft_order_side":"sell","order_filled_timestamp":1759631400000,"ft_is_entry":false,"ft_order_tag":"roi","cost":246.50608672611565}],"funding_fees":-0.05070490057020001},{"pair":"BTC/USDT:USDT","stake_amount":245.8454,"max_stake_amount":245.8454,"amount":0.002,"open_date":"2025-10-05 10:20:00+00:00","close_date":"2025-10-06 00:15:00+00:00","open_rate":122922.7,"close_rate":124300.26077646588,"fee_open":0.0006,"fee_close":0.0006,"trade_duration":835,"profit_ratio":0.009820981129520798,"profit_abs":2.4158917,"exit_reason":"roi","initial_stop_loss_abs":110630.43,"initial_stop_loss_ratio":-0.1,"stop_loss_abs":110630.43,"stop_loss_ratio":-0.1,"min_rate":122104.0,"max_rate":124324.1,"is_open":false,"enter_tag":"","leverage":1.0,"is_short":false,"open_timestamp":1759659600000,"close_timestamp":1759709700000,"orders":[{"amount":0.002,"safe_price":122922.7,"ft_order_side":"buy","order_filled_timestamp":1759659600000,"ft_is_entry":true,"ft_order_tag":"","cost":245.99290724},{"amount":0.002,"safe_price":124300.26077646588,"ft_order_side":"sell","order_filled_timestamp":1759709700000,"ft_is_entry":false,"ft_order_tag":"roi","cost":248.7496818658635}],"funding_fees":-0.04256229685360001},{"pair":"BTC/USDT:USDT","stake_amount":249.7404,"max_stake_amount":249.7404,"amount":0.002,"open_date":"2025-10-06 21:40:00+00:00","close_date":"2025-10-08 18:10:00+00:00","open_rate":124870.2,"close_rate":123878.5,"fee_open":0.0006,"fee_close":0.0006,"trade_duration":2670,"profit_ratio":-0.00949511969631424,"profit_abs":-2.37273778,"exit_reason":"exit_signal","initial_stop_loss_abs":112383.18,"initial_stop_loss_ratio":-0.1,"stop_loss_abs":112383.18,"stop_loss_ratio":-0.1,"min_rate":120545.0,"max_rate":125215.7,"is_open":false,"enter_tag":"","leverage":1.0,"is_short":false,"open_timestamp":1759786800000,"close_timestamp":1759947000000,"orders":[{"amount":0.002,"safe_price":124870.2,"ft_order_side":"buy","order_filled_timestamp":1759786800000,"ft_is_entry":true,"ft_order_tag":"","cost":249.89024424},{"amount":0.002,"safe_price":123878.5,"ft_order_side":"sell","order_filled_timestamp":1759947000000,"ft_is_entry":false,"ft_order_tag":"exit_signal","cost":247.9056542}],"funding_fees":-0.0908393381578},{"pair":"BTC/USDT:USDT","stake_amount":245.1508,"max_stake_amount":245.1508,"amount":0.002,"open_date":"2025-10-09 01:25:00+00:00","close_date":"2025-10-10 21:10:00+00:00","open_rate":122575.4,"close_rate":110317.86,"fee_open":0.0006,"fee_close":0.0006,"trade_duration":2625,"profit_ratio":-0.10141340572200423,"profit_abs":-24.87649449,"exit_reason":"stop_loss","initial_stop_loss_abs":110317.86,"initial_stop_loss_ratio":-0.1,"stop_loss_abs":110317.86,"stop_loss_ratio":-0.1,"min_rate":109758.0,"max_rate":123733.9,"is_open":false,"enter_tag":"","leverage":1.0,"is_short":false,"open_timestamp":1759973100000,"close_timestamp":1760130600000,"orders":[{"amount":0.002,"safe_price":122575.4,"ft_order_side":"buy","order_filled_timestamp":1759973100000,"ft_is_entry":true,"ft_order_tag":"","cost":245.29789047999998},{"amount":0.002,"safe_price":110317.86,"ft_order_side":"sell","order_filled_timestamp":1760130600000,"ft_is_entry":false,"ft_order_tag":"stop_loss","cost":220.76810143199998}],"funding_fees":-0.0819425803812},{"pair":"BTC/USDT:USDT","stake_amount":221.2782,"max_stake_amount":221.2782,"amount":0.002,"open_date":"2025-10-11 08:20:00+00:00","close_date":"2025-10-11 10:10:00+00:00","open_rate":110639.1,"close_rate":111879.00186111667,"fee_open":0.0006,"fee_close":0.0006,"trade_duration":110,"profit_ratio":0.009994003597841295,"profit_abs":2.212782,"exit_reason":"roi","initial_stop_loss_abs":99575.19,"initial_stop_loss_ratio":-0.1,"stop_loss_abs":99575.19,"stop_loss_ratio":-0.1,"min_rate":110639.0,"max_rate":111946.2,"is_open":false,"enter_tag":"","leverage":1.0,"is_short":false,"open_timestamp":1760170800000,"close_timestamp":1760177400000,"orders":[{"amount":0.002,"safe_price":110639.1,"ft_order_side":"buy","order_filled_timestamp":1760170800000,"ft_is_entry":true,"ft_order_tag":"","cost":221.41096692000002},{"amount":0.002,"safe_price":111879.00186111667,"ft_order_side":"sell","order_filled_timestamp":1760177400000,"ft_is_entry":false,"ft_order_tag":"roi","cost":223.89225852446668}],"funding_fees":0.0},{"pair":"BTC/USDT:USDT","stake_amount":222.1062,"max_stake_amount":222.1062,"amount":0.002,"open_date":"2025-10-11 19:50:00+00:00","close_date":"2025-10-12 14:45:00+00:00","open_rate":111053.1,"close_rate":112297.64144486692,"fee_open":0.0006,"fee_close":0.0006,"trade_duration":1135,"profit_ratio":0.009972848669183245,"profit_abs":2.21636054,"exit_reason":"roi","initial_stop_loss_abs":99947.79000000001,"initial_stop_loss_ratio":-0.1,"stop_loss_abs":99947.79000000001,"stop_loss_ratio":-0.1,"min_rate":109453.4,"max_rate":112350.0,"is_open":false,"enter_tag":"","leverage":1.0,"is_short":false,"open_timestamp":1760212200000,"close_timestamp":1760280300000,"orders":[{"amount":0.002,"safe_price":111053.1,"ft_order_side":"buy","order_filled_timestamp":1760212200000,"ft_is_entry":true,"ft_order_tag":"","cost":222.23946372},{"amount":0.002,"safe_price":112297.64144486692,"ft_order_side":"sell","order_filled_timestamp":1760280300000,"ft_is_entry":false,"ft_order_tag":"roi","cost":224.73004005946768}],"funding_fees":-0.004701459658},{"pair":"BTC/USDT:USDT","stake_amount":228.1268,"max_stake_amount":228.1268,"amount":0.002,"open_date":"2025-10-13 11:35:00+00:00","close_date":"2025-10-13 13:30:00+00:00","open_rate":114063.4,"close_rate":115341.67704622773,"fee_open":0.0006,"fee_close":0.0006,"trade_duration":115,"profit_ratio":0.009994003597841293,"profit_abs":2.281268,"exit_reason":"roi","initial_stop_loss_abs":102657.06,"initial_stop_loss_ratio":-0.1,"stop_loss_abs":102657.06,"stop_loss_ratio":-0.1,"min_rate":113850.3,"max_rate":115517.9,"is_open":false,"enter_tag":"","leverage":1.0,"is_short":false,"open_timestamp":1760355300000,"close_timestamp":1760362200000,"orders":[{"amount":0.002,"safe_price":114063.4,"ft_order_side":"buy","order_filled_timestamp":1760355300000,"ft_is_entry":true,"ft_order_tag":"","cost":228.26367607999998},{"amount":0.002,"safe_price":115341.67704622773,"ft_order_side":"sell","order_filled_timestamp":1760362200000,"ft_is_entry":false,"ft_order_tag":"roi","cost":230.82176410491093}],"funding_fees":0.0},{"pair":"BTC/USDT:USDT","stake_amount":230.3446,"max_stake_amount":230.3446,"amount":0.002,"open_date":"2025-10-14 00:15:00+00:00","close_date":"2025-10-15 16:20:00+00:00","open_rate":115172.3,"close_rate":110800.3,"fee_open":0.0006,"fee_close":0.0006,"trade_duration":2405,"profit_ratio":-0.03912383342931831,"profit_abs":-9.01737094,"exit_reason":"force_exit","initial_stop_loss_abs":103655.07,"initial_stop_loss_ratio":-0.1,"stop_loss_abs":103655.07,"stop_loss_ratio":-0.1,"min_rate":109800.0,"max_rate":115370.5,"is_open":false,"enter_tag":"","leverage":1.0,"is_short":false,"open_timestamp":1760400900000,"close_timestamp":1760545200000,"orders":[{"amount":0.002,"safe_price":115172.3,"ft_order_side":"buy","order_filled_timestamp":1760400900000,"ft_is_entry":true,"ft_order_tag":"","cost":230.48280676},{"amount":0.002,"safe_price":110800.3,"ft_order_side":"sell","order_filled_timestamp":1760545200000,"ft_is_entry":false,"ft_order_tag":"force_exit","cost":221.73356036}],"funding_fees":-0.0022038188815999998}],"locks":[],"best_pair":{"key":"BTC/USDT:USDT","trades":14,"profit_mean":-0.007517171960968712,"profit_mean_pct":-0.75,"profit_total_abs":-25.88356584,"profit_total":-0.02588356584,"profit_total_pct":-2.59,"duration_avg":"1 day, 10:14:00","wins":10,"draws":0,"losses":4,"winrate":0.7142857142857143,"cagr":-0.2811238796151462,"expectancy":-1.8488261314285714,"expectancy_ratio":-0.15094632582164214,"sortino":-2.084521503086884,"sharpe":-2.158960641512707,"calmar":-56.23103791328802,"sqn":-0.844,"profit_factor":0.47168785962425247,"max_drawdown_account":0.030324694969404712,"max_drawdown_abs":30.46358258},"worst_pair":{"key":"BTC/USDT:USDT","trades":14,"profit_mean":-0.007517171960968712,"profit_mean_pct":-0.75,"profit_total_abs":-25.88356584,"profit_total":-0.02588356584,"profit_total_pct":-2.59,"duration_avg":"1 day, 10:14:00","wins":10,"draws":0,"losses":4,"winrate":0.7142857142857143,"cagr":-0.2811238796151462,"expectancy":-1.8488261314285714,"expectancy_ratio":-0.15094632582164214,"sortino":-2.084521503086884,"sharpe":-2.158960641512707,"calmar":-56.23103791328802,"sqn":-0.844,"profit_factor":0.47168785962425247,"max_drawdown_account":0.030324694969404712,"max_drawdown_abs":30.46358258},"results_per_pair":[{"key":"BTC/USDT:USDT","trades":14,"profit_mean":-0.007517171960968712,"profit_mean_pct":-0.75,"profit_total_abs":-25.88356584,"profit_total":-0.02588356584,"profit_total_pct":-2.59,"duration_avg":"1 day, 10:14:00","wins":10,"draws":0,"losses":4,"winrate":0.7142857142857143,"cagr":-0.2811238796151462,"expectancy":-1.8488261314285714,"expectancy_ratio":-0.15094632582164214,"sortino":-2.084521503086884,"sharpe":-2.158960641512707,"calmar":-56.23103791328802,"sqn":-0.844,"profit_factor":0.47168785962425247,"max_drawdown_account":0.030324694969404712,"max_drawdown_abs":30.46358258},{"key":"TOTAL","trades":14,"profit_mean":-0.007517171960968712,"profit_mean_pct":-0.75,"profit_total_abs":-25.88356584,"profit_total":-0.02588356584,"profit_total_pct":-2.59,"duration_avg":"1 day, 10:14:00","wins":10,"draws":0,"losses":4,"winrate":0.7142857142857143,"cagr":-0.2811238796151462,"expectancy":-1.8488261314285714,"expectancy_ratio":-0.15094632582164214,"sortino":-2.084521503086884,"sharpe":-2.158960641512707,"calmar":-56.23103791328802,"sqn":-0.844,"profit_factor":0.47168785962425247,"max_drawdown_account":0.030324694969404712,"max_drawdown_abs":30.46358258}],"results_per_enter_tag":[{"key":"","trades":14,"profit_mean":-0.007517171960968712,"profit_mean_pct":-0.75,"profit_total_abs":-25.88356584,"profit_total":-0.02588356584,"profit_total_pct":-2.59,"duration_avg":"1 day, 10:14:00","wins":10,"draws":0,"losses":4,"winrate":0.7142857142857143,"cagr":-0.2811238796151462,"expectancy":-1.8488261314285714,"expectancy_ratio":-0.15094632582164214,"sortino":-2.084521503086884,"sharpe":-2.158960641512707,"calmar":-56.23103791328802,"sqn":-0.844,"profit_factor":0.47168785962425247,"max_drawdown_account":0.030324694969404712,"max_drawdown_abs":30.46358258},{"key":"TOTAL","trades":14,"profit_mean":-0.007517171960968712,"profit_mean_pct":-0.75,"profit_total_abs":-25.88356584,"profit_total":-0.02588356584,"profit_total_pct":-2.59,"duration_avg":"1 day, 10:14:00","wins":10,"draws":0,"losses":4,"winrate":0.7142857142857143,"cagr":-0.2811238796151462,"expectancy":-1.8488261314285714,"expectancy_ratio":-0.15094632582164214,"sortino":-2.084521503086884,"sharpe":-2.158960641512707,"calmar":-56.23103791328802,"sqn":-0.844,"profit_factor":0.47168785962425247,"max_drawdown_account":0.030324694969404712,"max_drawdown_abs":30.46358258}],"exit_reason_summary":[{"key":"roi","trades":10,"profit_mean":0.009920604695742309,"profit_mean_pct":0.99,"profit_total_abs":23.10937576,"profit_total":0.02310937576,"profit_total_pct":2.31,"duration_avg":"11:20:00","wins":10,"draws":0,"losses":0,"winrate":1.0,"cagr":0.33315657004547505,"expectancy":2.3109375759999997,"expectancy_ratio":100.0,"sortino":-100,"sharpe":219.7613010792467,"calmar":-100,"sqn":100.0746,"profit_factor":0.0,"max_drawdown_account":0.0,"max_drawdown_abs":0.0},{"key":"force_exit","trades":1,"profit_mean":-0.03912383342931831,"profit_mean_pct":-3.91,"profit_total_abs":-9.01737094,"profit_total":-0.00901737094,"profit_total_pct":-0.9,"duration_avg":"1 day, 16:05:00","wins":0,"draws":0,"losses":1,"winrate":0.0,"cagr":-0.10775034604644562,"expectancy":-9.01737094,"expectancy_ratio":-1.0,"sortino":-100,"sharpe":-100,"calmar":-100,"sqn":-100.0,"profit_factor":0.0,"max_drawdown_account":0.0,"max_drawdown_abs":0.0},{"key":"exit_signal","trades":2,"profit_mean":-0.031954607629831266,"profit_mean_pct":-3.2,"profit_total_abs":-15.09907617,"profit_total":-0.01509907617,"profit_total_pct":-1.51,"duration_avg":"5 days, 21:00:00","wins":0,"draws":0,"losses":2,"winrate":0.0,"cagr":-0.1742716379313911,"expectancy":-7.549538085,"expectancy_ratio":-1.0,"sortino":-1.9214867671726243,"sharpe":-1.9214867671726243,"calmar":-65.87921784325108,"sqn":-1.4583,"profit_factor":0.0,"max_drawdown_account":0.01509907616999999,"max_drawdown_abs":15.09907617},{"key":"stop_loss","trades":1,"profit_mean":-0.10141340572200423,"profit_mean_pct":-10.14,"profit_total_abs":-24.87649449,"profit_total":-0.024876494489999998,"profit_total_pct":-2.49,"duration_avg":"1 day, 19:45:00","wins":0,"draws":0,"losses":1,"winrate":0.0,"cagr":-0.2717136326777564,"expectancy":-24.87649449,"expectancy_ratio":-1.0,"sortino":-100,"sharpe":-100,"calmar":-100,"sqn":-100.0,"profit_factor":0.0,"max_drawdown_account":0.0,"max_drawdown_abs":0.0},{"key":"TOTAL","trades":14,"profit_mean":-0.007517171960968712,"profit_mean_pct":-0.75,"profit_total_abs":-25.88356584,"profit_total":-0.02588356584,"profit_total_pct":-2.59,"duration_avg":"1 day, 10:14:00","wins":10,"draws":0,"losses":4,"winrate":0.7142857142857143,"cagr":-0.2811238796151462,"expectancy":-1.8488261314285714,"expectancy_ratio":-0.15094632582164214,"sortino":-2.084521503086884,"sharpe":-2.158960641512707,"calmar":-56.23103791328802,"sqn":-0.844,"profit_factor":0.47168785962425247,"max_drawdown_account":0.030324694969404712,"max_drawdown_abs":30.46358258}],"mix_tag_stats":[{"key":["","roi"],"trades":10,"profit_mean":0.009920604695742309,"profit_mean_pct":0.99,"profit_total_abs":23.10937576,"profit_total":0.02310937576,"profit_total_pct":2.31,"duration_avg":"11:20:00","wins":10,"draws":0,"losses":0,"winrate":1.0,"cagr":0.33315657004547505,"expectancy":2.3109375759999997,"expectancy_ratio":100.0,"sortino":-100,"sharpe":219.7613010792467,"calmar":-100,"sqn":100.0746,"profit_factor":0.0,"max_drawdown_account":0.0,"max_drawdown_abs":0.0},{"key":["","force_exit"],"trades":1,"profit_mean":-0.03912383342931831,"profit_mean_pct":-3.91,"profit_total_abs":-9.01737094,"profit_total":-0.00901737094,"profit_total_pct":-0.9,"duration_avg":"1 day, 16:05:00","wins":0,"draws":0,"losses":1,"winrate":0.0,"cagr":-0.10775034604644562,"expectancy":-9.01737094,"expectancy_ratio":-1.0,"sortino":-100,"sharpe":-100,"calmar":-100,"sqn":-100.0,"profit_factor":0.0,"max_drawdown_account":0.0,"max_drawdown_abs":0.0},{"key":["","exit_signal"],"trades":2,"profit_mean":-0.031954607629831266,"profit_mean_pct":-3.2,"profit_total_abs":-15.09907617,"profit_total":-0.01509907617,"profit_total_pct":-1.51,"duration_avg":"5 days, 21:00:00","wins":0,"draws":0,"losses":2,"winrate":0.0,"cagr":-0.1742716379313911,"expectancy":-7.549538085,"expectancy_ratio":-1.0,"sortino":-1.9214867671726243,"sharpe":-1.9214867671726243,"calmar":-65.87921784325108,"sqn":-1.4583,"profit_factor":0.0,"max_drawdown_account":0.01509907616999999,"max_drawdown_abs":15.09907617},{"key":["","stop_loss"],"trades":1,"profit_mean":-0.10141340572200423,"profit_mean_pct":-10.14,"profit_total_abs":-24.87649449,"profit_total":-0.024876494489999998,"profit_total_pct":-2.49,"duration_avg":"1 day, 19:45:00","wins":0,"draws":0,"losses":1,"winrate":0.0,"cagr":-0.2717136326777564,"expectancy":-24.87649449,"expectancy_ratio":-1.0,"sortino":-100,"sharpe":-100,"calmar":-100,"sqn":-100.0,"profit_factor":0.0,"max_drawdown_account":0.0,"max_drawdown_abs":0.0},{"key":"TOTAL","trades":14,"profit_mean":-0.007517171960968712,"profit_mean_pct":-0.75,"profit_total_abs":-25.88356584,"profit_total":-0.02588356584,"profit_total_pct":-2.59,"duration_avg":"1 day, 10:14:00","wins":10,"draws":0,"losses":4,"winrate":0.7142857142857143,"cagr":-0.2811238796151462,"expectancy":-1.8488261314285714,"expectancy_ratio":-0.15094632582164214,"sortino":-2.084521503086884,"sharpe":-2.158960641512707,"calmar":-56.23103791328802,"sqn":-0.844,"profit_factor":0.47168785962425247,"max_drawdown_account":0.030324694969404712,"max_drawdown_abs":30.46358258}],"left_open_trades":[{"key":"BTC/USDT:USDT","trades":1,"profit_mean":-0.03912383342931831,"profit_mean_pct":-3.91,"profit_total_abs":-9.01737094,"profit_total":-0.00901737094,"profit_total_pct":-0.9,"duration_avg":"1 day, 16:05:00","wins":0,"draws":0,"losses":1,"winrate":0.0,"cagr":-0.10775034604644562,"expectancy":-9.01737094,"expectancy_ratio":-1.0,"sortino":-100,"sharpe":-100,"calmar":-100,"sqn":-100.0,"profit_factor":0.0,"max_drawdown_account":0.0,"max_drawdown_abs":0.0},{"key":"TOTAL","trades":1,"profit_mean":-0.03912383342931831,"profit_mean_pct":-3.91,"profit_total_abs":-9.01737094,"profit_total":-0.00901737094,"profit_total_pct":-0.9,"duration_avg":"1 day, 16:05:00","wins":0,"draws":0,"losses":1,"winrate":0.0,"cagr":-0.10775034604644562,"expectancy":-9.01737094,"expectancy_ratio":-1.0,"sortino":-100,"sharpe":-100,"calmar":-100,"sqn":-100.0,"profit_factor":0.0,"max_drawdown_account":0.0,"max_drawdown_abs":0.0}],"total_trades":14,"trade_count_long":14,"trade_count_short":0,"total_volume":6557.578508673057,"avg_stake_amount":234.81928571428574,"profit_mean":-0.007517171960968712,"profit_median":0.00986165020545779,"profit_total":-0.02588356584,"profit_total_long":-0.02588356584,"profit_total_short":0.0,"profit_total_abs":-25.88356584,"profit_total_long_abs":-25.88356584,"profit_total_short_abs":0.0,"cagr":-0.2811238796151462,"expectancy":-1.8488261314285714,"expectancy_ratio":-0.15094632582164214,"sortino":-2.084521503086884,"sharpe":-2.158960641512707,"calmar":-56.23103791328802,"sqn":-0.844,"profit_factor":0.47168785962425247,"backtest_start":"2025-09-15 16:40:00","backtest_start_ts":1757954400000,"backtest_end":"2025-10-15 16:20:00","backtest_end_ts":1760545200000,"backtest_days":29,"backtest_run_start_ts":1760545746,"backtest_run_end_ts":1760545746,"trades_per_day":0.48,"market_change":-0.034867799708397686,"pairlist":["BTC/USDT:USDT"],"stake_amount":"unlimited","stake_currency":"USDT","stake_currency_decimals":3,"starting_balance":1000,"dry_run_wallet":1000,"final_balance":974.11643416,"rejected_signals":0,"timedout_entry_orders":0,"timedout_exit_orders":0,"canceled_trade_entries":0,"canceled_entry_orders":0,"replaced_entry_orders":0,"max_open_trades":1,"max_open_trades_setting":3,"timeframe":"5m","timeframe_detail":"","timerange":"","enable_protections":false,"strategy_name":"SampleStrategy","freqaimodel":null,"freqai_identifier":null,"stoploss":-0.1,"trailing_stop":false,"trailing_stop_positive":null,"trailing_stop_positive_offset":0.0,"trailing_only_offset_is_reached":false,"use_custom_stoploss":false,"minimal_roi":{"60":0.01,"30":0.02,"0":0.04},"use_exit_signal":true,"exit_profit_only":false,"exit_profit_offset":0.0,"ignore_roi_if_entry_signal":false,"trading_mode":"futures","margin_mode":"isolated","periodic_breakdown":{"day":[{"date":"16/09/2025","date_ts":1757980800000,"profit_abs":2.29717853,"wins":1,"draws":0,"losses":0,"trades":1,"profit_factor":0.0},{"date":"17/09/2025","date_ts":1758067200000,"profit_abs":0.0,"wins":0,"draws":0,"losses":0,"trades":0,"profit_factor":0.0},{"date":"18/09/2025","date_ts":1758153600000,"profit_abs":2.28283821,"wins":1,"draws":0,"losses":0,"trades":1,"profit_factor":0.0},{"date":"19/09/2025","date_ts":1758240000000,"profit_abs":0.0,"wins":0,"draws":0,"losses":0,"trades":0,"profit_factor":0.0},{"date":"20/09/2025","date_ts":1758326400000,"profit_abs":0.0,"wins":0,"draws":0,"losses":0,"trades":0,"profit_factor":0.0},{"date":"21/09/2025","date_ts":1758412800000,"profit_abs":0.0,"wins":0,"draws":0,"losses":0,"trades":0,"profit_factor":0.0},{"date":"22/09/2025","date_ts":1758499200000,"profit_abs":0.0,"wins":0,"draws":0,"losses":0,"trades":0,"profit_factor":0.0},{"date":"23/09/2025","date_ts":1758585600000,"profit_abs":0.0,"wins":0,"draws":0,"losses":0,"trades":0,"profit_factor":0.0},{"date":"24/09/2025","date_ts":1758672000000,"profit_abs":0.0,"wins":0,"draws":0,"losses":0,"trades":0,"profit_factor":0.0},{"date":"25/09/2025","date_ts":1758758400000,"profit_abs":0.0,"wins":0,"draws":0,"losses":0,"trades":0,"profit_factor":0.0},{"date":"26/09/2025","date_ts":1758844800000,"profit_abs":0.0,"wins":0,"draws":0,"losses":0,"trades":0,"profit_factor":0.0},{"date":"27/09/2025","date_ts":1758931200000,"profit_abs":0.0,"wins":0,"draws":0,"losses":0,"trades":0,"profit_factor":0.0},{"date":"28/09/2025","date_ts":1759017600000,"profit_abs":-12.72633839,"wins":0,"draws":0,"losses":1,"trades":1,"profit_factor":0.0},{"date":"29/09/2025","date_ts":1759104000000,"profit_abs":0.0,"wins":0,"draws":0,"losses":0,"trades":0,"profit_factor":0.0},{"date":"30/09/2025","date_ts":1759190400000,"profit_abs":2.26638949,"wins":1,"draws":0,"losses":0,"trades":1,"profit_factor":0.0},{"date":"01/10/2025","date_ts":1759276800000,"profit_abs":0.0,"wins":0,"draws":0,"losses":0,"trades":0,"profit_factor":0.0},{"date":"02/10/2025","date_ts":1759363200000,"profit_abs":2.35773404,"wins":1,"draws":0,"losses":0,"trades":1,"profit_factor":0.0},{"date":"03/10/2025","date_ts":1759449600000,"profit_abs":2.39335815,"wins":1,"draws":0,"losses":0,"trades":1,"profit_factor":0.0},{"date":"04/10/2025","date_ts":1759536000000,"profit_abs":0.0,"wins":0,"draws":0,"losses":0,"trades":0,"profit_factor":0.0},{"date":"05/10/2025","date_ts":1759622400000,"profit_abs":2.3855751,"wins":1,"draws":0,"losses":0,"trades":1,"profit_factor":0.0},{"date":"06/10/2025","date_ts":1759708800000,"profit_abs":2.4158917,"wins":1,"draws":0,"losses":0,"trades":1,"profit_factor":0.0},{"date":"07/10/2025","date_ts":1759795200000,"profit_abs":0.0,"wins":0,"draws":0,"losses":0,"trades":0,"profit_factor":0.0},{"date":"08/10/2025","date_ts":1759881600000,"profit_abs":-2.37273778,"wins":0,"draws":0,"losses":1,"trades":1,"profit_factor":0.0},{"date":"09/10/2025","date_ts":1759968000000,"profit_abs":0.0,"wins":0,"draws":0,"losses":0,"trades":0,"profit_factor":0.0},{"date":"10/10/2025","date_ts":1760054400000,"profit_abs":-24.87649449,"wins":0,"draws":0,"losses":1,"trades":1,"profit_factor":0.0},{"date":"11/10/2025","date_ts":1760140800000,"profit_abs":2.212782,"wins":1,"draws":0,"losses":0,"trades":1,"profit_factor":0.0},{"date":"12/10/2025","date_ts":1760227200000,"profit_abs":2.21636054,"wins":1,"draws":0,"losses":0,"trades":1,"profit_factor":0.0},{"date":"13/10/2025","date_ts":1760313600000,"profit_abs":2.281268,"wins":1,"draws":0,"losses":0,"trades":1,"profit_factor":0.0},{"date":"14/10/2025","date_ts":1760400000000,"profit_abs":0.0,"wins":0,"draws":0,"losses":0,"trades":0,"profit_factor":0.0},{"date":"15/10/2025","date_ts":1760486400000,"profit_abs":-9.01737094,"wins":0,"draws":0,"losses":1,"trades":1,"profit_factor":0.0}],"week":[{"date":"22/09/2025","date_ts":1758499200000,"profit_abs":4.58001674,"wins":2,"draws":0,"losses":0,"trades":2,"profit_factor":0.0},{"date":"29/09/2025","date_ts":1759104000000,"profit_abs":-12.72633839,"wins":0,"draws":0,"losses":1,"trades":1,"profit_factor":0.0},{"date":"06/10/2025","date_ts":1759708800000,"profit_abs":11.81894848,"wins":5,"draws":0,"losses":0,"trades":5,"profit_factor":0.0},{"date":"13/10/2025","date_ts":1760313600000,"profit_abs":-20.53882173,"wins":3,"draws":0,"losses":2,"trades":5,"profit_factor":0.24626054},{"date":"20/10/2025","date_ts":1760918400000,"profit_abs":-9.01737094,"wins":0,"draws":0,"losses":1,"trades":1,"profit_factor":0.0}],"month":[{"date":"30/09/2025","date_ts":1759190400000,"profit_abs":-5.87993216,"wins":3,"draws":0,"losses":1,"trades":4,"profit_factor":0.53797141},{"date":"31/10/2025","date_ts":1761868800000,"profit_abs":-20.00363368,"wins":7,"draws":0,"losses":3,"trades":10,"profit_factor":0.44842825}],"year":[{"date":"31/12/2025","date_ts":1767139200000,"profit_abs":-25.88356584,"wins":10,"draws":0,"losses":4,"trades":14,"profit_factor":0.47168786}]},"backtest_best_day":0.009994003597841295,"backtest_worst_day":-0.10141340572200423,"backtest_best_day_abs":2.4158917,"backtest_worst_day_abs":-24.87649449,"winning_days":10,"draw_days":16,"losing_days":4,"daily_profit":[["2025-09-16",2.29717853],["2025-09-17",0.0],["2025-09-18",2.28283821],["2025-09-19",0.0],["2025-09-20",0.0],["2025-09-21",0.0],["2025-09-22",0.0],["2025-09-23",0.0],["2025-09-24",0.0],["2025-09-25",0.0],["2025-09-26",0.0],["2025-09-27",0.0],["2025-09-28",-12.72633839],["2025-09-29",0.0],["2025-09-30",2.26638949],["2025-10-01",0.0],["2025-10-02",2.35773404],["2025-10-03",2.39335815],["2025-10-04",0.0],["2025-10-05",2.3855751],["2025-10-06",2.4158917],["2025-10-07",0.0],["2025-10-08",-2.37273778],["2025-10-09",0.0],["2025-10-10",-24.87649449],["2025-10-11",2.212782],["2025-10-12",2.21636054],["2025-10-13",2.281268],["2025-10-14",0.0],["2025-10-15",-9.01737094]],"wins":10,"losses":4,"draws":0,"winrate":0.7142857142857143,"holding_avg":"1 day, 10:14:00","holding_avg_s":123240.0,"winner_holding_min":"0d 01:50","winner_holding_min_s":6600.0,"winner_holding_max":"1d 00:30","winner_holding_max_s":88200.0,"winner_holding_avg":"0d 11:20","winner_holding_avg_s":40800.0,"loser_holding_min":"1d 16:05","loser_holding_min_s":144300.0,"loser_holding_max":"9d 21:30","loser_holding_max_s":855000.0,"loser_holding_avg":"3d 19:28","loser_holding_avg_s":329280.0,"max_consecutive_wins":5,"max_consecutive_losses":2,"max_drawdown_account":0.030324694969404712,"max_relative_drawdown":0.030324694969404712,"max_drawdown_abs":30.46358258,"drawdown_start":"2025-09-18 03:20:00","drawdown_start_ts":1758165600000.0,"drawdown_end":"2025-10-15 16:20:00","drawdown_end_ts":1760545200000.0,"drawdown_duration":"27 days 13:00:00","drawdown_duration_s":2379600.0,"max_drawdown_low":-25.88356584,"max_drawdown_high":4.58001674,"csum_min":974.11643416,"csum_max":1004.58001674}},"strategy_comparison":[{"key":"SampleStrategy","trades":14,"profit_mean":-0.007517171960968712,"profit_mean_pct":-0.75,"profit_total_abs":-25.88356584,"profit_total":-0.02588356584,"profit_total_pct":-2.59,"duration_avg":"1 day, 10:14:00","wins":10,"draws":0,"losses":4,"winrate":0.7142857142857143,"cagr":-0.2811238796151462,"expectancy":-1.8488261314285714,"expectancy_ratio":-0.15094632582164214,"sortino":-2.084521503086884,"sharpe":-2.158960641512707,"calmar":-56.23103791328802,"sqn":-0.844,"profit_factor":0.47168785962425247,"max_drawdown_account":0.030324694969404712,"max_drawdown_abs":"30.464"}]}