{
  "strategy_name": "SampleStrategy",
  "params": {
    "max_open_trades": {
      "max_open_trades": 3
    },
    "buy": {
      "buy_rsi": 30,
      "exit_short_rsi": 30
    },
    "sell": {
      "sell_rsi": 70,
      "short_rsi": 70
    },
    "protection": {},
    "roi": {
      "0": 0.083,
      "14": 0.05,
      "52": 0.013,
      "156": 0
    },
    "stoploss": {
      "stoploss": -0.278
    },
    "trailing": {
      "trailing_stop": true,
      "trailing_stop_positive": 0.227,
      "trailing_stop_positive_offset": 0.256,
      "trailing_only_offset_is_reached": true
    }
  },
  "ft_stratparam_v": 1,
  "export_time": "2025-10-15 16:30:58.415542+00:00"
}