{"strategy":{"SampleStrategy":{"trades":[{"pair":"BTC/USDT","stake_amount":329.9487334,"max_stake_amount":329.9487334,"amount":0.002834,"open_date":"2025-09-17 04:05:00+00:00","close_date":"2025-09-17 06:45:00+00:00","open_rate":116425.1,"close_rate":117024.3,"fee_open":0.001,"fee_close":0.001,"trade_duration":160,"profit_ratio":0.003138371490719892,"profit_abs":1.0365372,"exit_reason":"roi","initial_stop_loss_abs":84058.9222,"initial_stop_loss_ratio":-0.278,"stop_loss_abs":84058.9222,"stop_loss_ratio":-0.278,"min_rate":116158.5,"max_rate":117218.5,"is_open":false,"enter_tag":"","leverage":1.0,"is_short":false,"open_timestamp":1758081900000,"close_timestamp":1758091500000,"orders":[{"amount":0.002834,"safe_price":116425.1,"ft_order_side":"buy","order_filled_timestamp":1758081900000,"ft_is_entry":true,"ft_order_tag":"","cost":330.2786821334},{"amount":0.002834,"safe_price":117024.3,"ft_order_side":"sell","order_filled_timestamp":1758091500000,"ft_is_entry":false,"ft_order_tag":"roi","cost":331.9785130662}],"funding_fees":0.0},{"pair":"BTC/USDT","stake_amount":330.2771568,"max_stake_amount":330.2771568,"amount":0.002836,"open_date":"2025-09-17 10:35:00+00:00","close_date":"2025-09-17 22:55:00+00:00","open_rate":116458.8,"close_rate":116691.95075075075,"fee_open":0.001,"fee_close":0.001,"trade_duration":740,"profit_ratio":0.0,"profit_abs":0.0,"exit_reason":"roi","initial_stop_loss_abs":84083.2536,"initial_stop_loss_ratio":-0.278,"stop_loss_abs":84083.2536,"stop_loss_ratio":-0.278,"min_rate":114728.6,"max_rate":116816.4,"is_open":false,"enter_tag":"","leverage":1.0,"is_short":false,"open_timestamp":1758105300000,"close_timestamp":1758149700000,"orders":[{"amount":0.002836,"safe_price":116458.8,"ft_order_side":"buy","order_filled_timestamp":1758105300000,"ft_is_entry":true,"ft_order_tag":"","cost":330.6074339568},{"amount":0.002836,"safe_price":116691.95075075075,"ft_order_side":"sell","order_filled_timestamp":1758149700000,"ft_is_entry":false,"ft_order_tag":"roi","cost":331.26931070145827}],"funding_fees":0.0},{"pair":"BTC/USDT","stake_amount":330.2702117,"max_stake_amount":330.2702117,"amount":0.002827,"open_date":"2025-09-18 23:30:00+00:00","close_date":"2025-09-19 02:10:00+00:00","open_rate":116827.1,"close_rate":117060.98808808808,"fee_open":0.001,"fee_close":0.001,"trade_duration":160,"profit_ratio":0.0,"profit_abs":0.0,"exit_reason":"roi","initial_stop_loss_abs":84349.1662,"initial_stop_loss_ratio":-0.278,"stop_loss_abs":84349.1662,"stop_loss_ratio":-0.278,"min_rate":116827.1,"max_rate":117465.7,"is_open":false,"enter_tag":"","leverage":1.0,"is_short":false,"open_timestamp":1758238200000,"close_timestamp":1758247800000,"orders":[{"amount":0.002827,"safe_price":116827.1,"ft_order_side":"buy","order_filled_timestamp":1758238200000,"ft_is_entry":true,"ft_order_tag":"","cost":330.60048191169994},{"amount":0.002827,"safe_price":117060.98808808808,"ft_order_side":"sell","order_filled_timestamp":1758247800000,"ft_is_entry":false,"ft_order_tag":"roi","cost":331.26234473835}],"funding_fees":0.0},{"pair":"BTC/USDT","stake_amount":330.241769,"max_stake_amount":330.241769,"amount":0.002834,"open_date":"2025-09-19 10:15:00+00:00","close_date":"2025-10-01 11:55:00+00:00","open_rate":116528.5,"close_rate":116761.79029029027,"fee_open":0.001,"fee_close":0.001,"trade_duration":17380,"profit_ratio":0.0,"profit_abs":0.0,"exit_reason":"roi","initial_stop_loss_abs":84133.57699999999,"initial_stop_loss_ratio":-0.278,"stop_loss_abs":84133.57699999999,"stop_loss_ratio":-0.278,"min_rate":108611.9,"max_rate":116779.7,"is_open":false,"enter_tag":"","leverage":1.0,"is_short":false,"open_timestamp":1758276900000,"close_timestamp":1759319700000,"orders":[{"amount":0.002834,"safe_price":116528.5,"ft_order_side":"buy","order_filled_timestamp":1758276900000,"ft_is_entry":true,"ft_order_tag":"","cost":330.572010769},{"amount":0.002834,"safe_price":116761.79029029027,"ft_order_side":"sell","order_filled_timestamp":1759319700000,"ft_is_entry":false,"ft_order_tag":"roi","cost":331.2338165963653}],"funding_fees":0.0},{"pair":"BTC/USDT","stake_amount":330.294375,"max_stake_amount":330.294375,"amount":0.002775,"open_date":"2025-10-02 15:10:00+00:00","close_date":"2025-10-02 17:50:00+00:00","open_rate":119025.0,"close_rate":119726.0,"fee_open":0.001,"fee_close":0.001,"trade_duration":160,"profit_ratio":0.00387974975498605,"profit_abs":1.28274098,"exit_reason":"roi","initial_stop_loss_abs":85936.05,"initial_stop_loss_ratio":-0.278,"stop_loss_abs":85936.05,"stop_loss_ratio":-0.278,"min_rate":119015.8,"max_rate":120301.6,"is_open":false,"enter_tag":"","leverage":1.0,"is_short":false,"open_timestamp":1759417800000,"close_timestamp":1759427400000,"orders":[{"amount":0.002775,"safe_price":119025.0,"ft_order_side":"buy","order_filled_timestamp":1759417800000,"ft_is_entry":true,"ft_order_tag":"","cost":330.62466937499994},{"amount":0.002775,"safe_price":119726.0,"ft_order_side":"sell","order_filled_timestamp":1759427400000,"ft_is_entry":false,"ft_order_tag":"roi","cost":332.57188965}],"funding_fees":0.0},{"pair":"BTC/USDT","stake_amount":330.692879,"max_stake_amount":330.692879,"amount":0.002762,"open_date":"2025-10-03 07:50:00+00:00","close_date":"2025-10-03 10:30:00+00:00","open_rate":119729.5,"close_rate":120349.5,"fee_open":0.001,"fee_close":0.001,"trade_duration":160,"profit_ratio":0.00316999117024684,"profit_abs":1.0493418,"exit_reason":"roi","initial_stop_loss_abs":86444.699,"initial_stop_loss_ratio":-0.278,"stop_loss_abs":86444.699,"stop_loss_ratio":-0.278,"min_rate":119234.9,"max_rate":120512.7,"is_open":false,"enter_tag":"","leverage":1.0,"is_short":false,"open_timestamp":1759477800000,"close_timestamp":1759487400000,"orders":[{"amount":0.002762,"safe_price":119729.5,"ft_order_side":"buy","order_filled_timestamp":1759477800000,"ft_is_entry":true,"ft_order_tag":"","cost":331.023571879},{"amount":0.002762,"safe_price":120349.5,"ft_order_side":"sell","order_filled_timestamp":1759487400000,"ft_is_entry":false,"ft_order_tag":"roi","cost":332.737724319}],"funding_fees":0.0},{"pair":"BTC/USDT","stake_amount":331.0944351,"max_stake_amount":331.0944351,"amount":0.002717,"open_date":"2025-10-04 02:00:00+00:00","close_date":"2025-10-04 04:40:00+00:00","open_rate":121860.3,"close_rate":122423.9,"fee_open":0.001,"fee_close":0.001,"trade_duration":160,"profit_ratio":0.002617725409436565,"profit_abs":0.86758103,"exit_reason":"roi","initial_stop_loss_abs":87983.1366,"initial_stop_loss_ratio":-0.278,"stop_loss_abs":87983.1366,"stop_loss_ratio":-0.278,"min_rate":121680.1,"max_rate":122511.6,"is_open":false,"enter_tag":"","leverage":1.0,"is_short":false,"open_timestamp":1759543200000,"close_timestamp":1759552800000,"orders":[{"amount":0.002717,"safe_price":121860.3,"ft_order_side":"buy","order_filled_timestamp":1759543200000,"ft_is_entry":true,"ft_order_tag":"","cost":331.42552953509994},{"amount":0.002717,"safe_price":122423.9,"ft_order_side":"sell","order_filled_timestamp":1759552800000,"ft_is_entry":false,"ft_order_tag":"roi","cost":332.95836203629995}],"funding_fees":0.0},{"pair":"BTC/USDT","stake_amount":331.35226,"max_stake_amount":331.35226,"amount":0.002714,"open_date":"2025-10-04 11:30:00+00:00","close_date":"2025-10-04 14:10:00+00:00","open_rate":122090.0,"close_rate":122334.4244244244,"fee_open":0.001,"fee_close":0.001,"trade_duration":160,"profit_ratio":0.0,"profit_abs":0.0,"exit_reason":"roi","initial_stop_loss_abs":88148.98,"initial_stop_loss_ratio":-0.278,"stop_loss_abs":88148.98,"stop_loss_ratio":-0.278,"min_rate":121956.0,"max_rate":122510.1,"is_open":false,"enter_tag":"","leverage":1.0,"is_short":false,"open_timestamp":1759577400000,"close_timestamp":1759587000000,"orders":[{"amount":0.002714,"safe_price":122090.0,"ft_order_side":"buy","order_filled_timestamp":1759577400000,"ft_is_entry":true,"ft_order_tag":"","cost":331.68361225999996},{"amount":0.002714,"safe_price":122334.4244244244,"ft_order_side":"sell","order_filled_timestamp":1759587000000,"ft_is_entry":false,"ft_order_tag":"roi","cost":332.3476435157757}],"funding_fees":0.0},{"pair":"BTC/USDT","stake_amount":331.34768,"max_stake_amount":331.34768,"amount":0.00272,"open_date":"2025-10-04 15:40:00+00:00","close_date":"2025-10-04 20:00:00+00:00","open_rate":121819.0,"close_rate":122062.88188188187,"fee_open":0.001,"fee_close":0.001,"trade_duration":260,"profit_ratio":0.0,"profit_abs":0.0,"exit_reason":"roi","initial_stop_loss_abs":87953.318,"initial_stop_loss_ratio":-0.278,"stop_loss_abs":87953.318,"stop_loss_ratio":-0.278,"min_rate":121523.3,"max_rate":122100.8,"is_open":false,"enter_tag":"","leverage":1.0,"is_short":false,"open_timestamp":1759592400000,"close_timestamp":1759608000000,"orders":[{"amount":0.00272,"safe_price":121819.0,"ft_order_side":"buy","order_filled_timestamp":1759592400000,"ft_is_entry":true,"ft_order_tag":"","cost":331.67902768},{"amount":0.00272,"safe_price":122062.88188188187,"ft_order_side":"sell","order_filled_timestamp":1759608000000,"ft_is_entry":false,"ft_order_tag":"roi","cost":332.34304975743737}],"funding_fees":0.0},{"pair":"BTC/USDT","stake_amount":331.2895314,"max_stake_amount":331.2895314,"amount":0.002694,"open_date":"2025-10-05 10:20:00+00:00","close_date":"2025-10-05 13:00:00+00:00","open_rate":122973.1,"close_rate":123219.29239239238,"fee_open":0.001,"fee_close":0.001,"trade_duration":160,"profit_ratio":0.0,"profit_abs":0.0,"exit_reason":"roi","initial_stop_loss_abs":88786.5782,"initial_stop_loss_ratio":-0.278,"stop_loss_abs":88786.5782,"stop_loss_ratio":-0.278,"min_rate":122674.3,"max_rate":123553.2,"is_open":false,"enter_tag":"","leverage":1.0,"is_short":false,"open_timestamp":1759659600000,"close_timestamp":1759669200000,"orders":[{"amount":0.002694,"safe_price":122973.1,"ft_order_side":"buy","order_filled_timestamp":1759659600000,"ft_is_entry":true,"ft_order_tag":"","cost":331.62082093140003},{"amount":0.002694,"safe_price":123219.29239239238,"ft_order_side":"sell","order_filled_timestamp":1759669200000,"ft_is_entry":false,"ft_order_tag":"roi","cost":332.2847264788101}],"funding_fees":0.0},{"pair":"BTC/USDT","stake_amount":331.3145704,"max_stake_amount":331.3145704,"amount":0.002684,"open_date":"2025-10-06 05:20:00+00:00","close_date":"2025-10-06 08:20:00+00:00","open_rate":123440.6,"close_rate":123687.72832832832,"fee_open":0.001,"fee_close":0.001,"trade_duration":180,"profit_ratio":0.0,"profit_abs":0.0,"exit_reason":"roi","initial_stop_loss_abs":89124.1132,"initial_stop_loss_ratio":-0.278,"stop_loss_abs":89124.1132,"stop_loss_ratio":-0.278,"min_rate":123282.3,"max_rate":124174.9,"is_open":false,"enter_tag":"","leverage":1.0,"is_short":false,"open_timestamp":1759728000000,"close_timestamp":1759738800000,"orders":[{"amount":0.002684,"safe_price":123440.6,"ft_order_side":"buy","order_filled_timestamp":1759728000000,"ft_is_entry":true,"ft_order_tag":"","cost":331.6458849704},{"amount":0.002684,"safe_price":123687.72832832832,"ft_order_side":"sell","order_filled_timestamp":1759738800000,"ft_is_entry":false,"ft_order_tag":"roi","cost":332.30984069606643}],"funding_fees":0.0},{"pair":"BTC/USDT","stake_amount":331.2926136,"max_stake_amount":331.2926136,"amount":0.002652,"open_date":"2025-10-06 21:40:00+00:00","close_date":"2025-10-16 15:50:00+00:00","open_rate":124921.8,"close_rate":108772.2,"fee_open":0.001,"fee_close":0.001,"trade_duration":14050,"profit_ratio":-0.1310173810630368,"profit_abs":-43.44849569,"exit_reason":"force_exit","initial_stop_loss_abs":90193.5396,"initial_stop_loss_ratio":-0.278,"stop_loss_abs":90193.5396,"stop_loss_ratio":-0.278,"min_rate":102329.5,"max_rate":125278.7,"is_open":false,"enter_tag":"","leverage":1.0,"is_short":false,"open_timestamp":1759786800000,"close_timestamp":1760629800000,"orders":[{"amount":0.002652,"safe_price":124921.8,"ft_order_side":"buy","order_filled_timestamp":1759786800000,"ft_is_entry":true,"ft_order_tag":"","cost":331.6239062135999},{"amount":0.002652,"safe_price":108772.2,"ft_order_side":"sell","order_filled_timestamp":1760629800000,"ft_is_entry":false,"ft_order_tag":"force_exit","cost":288.7523382743999}],"funding_fees":0.0}],"locks":[],"best_pair":{"key":"BTC/USDT","trades":12,"profit_mean":-0.00985096193647062,"profit_mean_pct":-0.99,"profit_total_abs":-39.21229468,"profit_total":-0.03921229468,"profit_total_pct":-3.92,"duration_avg":"1 day, 22:51:00","wins":4,"draws":7,"losses":1,"winrate":0.3333333333333333,"cagr":-0.39557095199468484,"expectancy":-3.2676912233333333,"expectancy_ratio":-0.658541719065441,"sortino":-100,"sharpe":-2.1305216866967505,"calmar":-59.707903245169106,"sqn":-0.8938,"profit_factor":0.09749937121470914,"max_drawdown_account":0.04326521554023057,"max_drawdown_abs":43.44849569},"worst_pair":{"key":"BTC/USDT","trades":12,"profit_mean":-0.00985096193647062,"profit_mean_pct":-0.99,"profit_total_abs":-39.21229468,"profit_total":-0.03921229468,"profit_total_pct":-3.92,"duration_avg":"1 day, 22:51:00","wins":4,"draws":7,"losses":1,"winrate":0.3333333333333333,"cagr":-0.39557095199468484,"expectancy":-3.2676912233333333,"expectancy_ratio":-0.658541719065441,"sortino":-100,"sharpe":-2.1305216866967505,"calmar":-59.707903245169106,"sqn":-0.8938,"profit_factor":0.09749937121470914,"max_drawdown_account":0.04326521554023057,"max_drawdown_abs":43.44849569},"results_per_pair":[{"key":"BTC/USDT","trades":12,"profit_mean":-0.00985096193647062,"profit_mean_pct":-0.99,"profit_total_abs":-39.21229468,"profit_total":-0.03921229468,"profit_total_pct":-3.92,"duration_avg":"1 day, 22:51:00","wins":4,"draws":7,"losses":1,"winrate":0.3333333333333333,"cagr":-0.39557095199468484,"expectancy":-3.2676912233333333,"expectancy_ratio":-0.658541719065441,"sortino":-100,"sharpe":-2.1305216866967505,"calmar":-59.707903245169106,"sqn":-0.8938,"profit_factor":0.09749937121470914,"max_drawdown_account":0.04326521554023057,"max_drawdown_abs":43.44849569},{"key":"TOTAL","trades":12,"profit_mean":-0.00985096193647062,"profit_mean_pct":-0.99,"profit_total_abs":-39.21229468,"profit_total":-0.03921229468,"profit_total_pct":-3.92,"duration_avg":"1 day, 22:51:00","wins":4,"draws":7,"losses":1,"winrate":0.3333333333333333,"cagr":-0.39557095199468484,"expectancy":-3.2676912233333333,"expectancy_ratio":-0.658541719065441,"sortino":-100,"sharpe":-2.1305216866967505,"calmar":-59.707903245169106,"sqn":-0.8938,"profit_factor":0.09749937121470914,"max_drawdown_account":0.04326521554023057,"max_drawdown_abs":43.44849569}],"results_per_enter_tag":[{"key":"","trades":12,"profit_mean":-0.00985096193647062,"profit_mean_pct":-0.99,"profit_total_abs":-39.21229468,"profit_total":-0.03921229468,"profit_total_pct":-3.92,"duration_avg":"1 day, 22:51:00","wins":4,"draws":7,"losses":1,"winrate":0.3333333333333333,"cagr":-0.39557095199468484,"expectancy":-3.2676912233333333,"expectancy_ratio":-0.658541719065441,"sortino":-100,"sharpe":-2.1305216866967505,"calmar":-59.707903245169106,"sqn":-0.8938,"profit_factor":0.09749937121470914,"max_drawdown_account":0.04326521554023057,"max_drawdown_abs":43.44849569},{"key":"TOTAL","trades":12,"profit_mean":-0.00985096193647062,"profit_mean_pct":-0.99,"profit_total_abs":-39.21229468,"profit_total":-0.03921229468,"profit_total_pct":-3.92,"duration_avg":"1 day, 22:51:00","wins":4,"draws":7,"losses":1,"winrate":0.3333333333333333,"cagr":-0.39557095199468484,"expectancy":-3.2676912233333333,"expectancy_ratio":-0.658541719065441,"sortino":-100,"sharpe":-2.1305216866967505,"calmar":-59.707903245169106,"sqn":-0.8938,"profit_factor":0.09749937121470914,"max_drawdown_account":0.04326521554023057,"max_drawdown_abs":43.44849569}],"exit_reason_summary":[{"key":"roi","trades":11,"profit_mean":0.0011641670750353952,"profit_mean_pct":0.12,"profit_total_abs":4.23620101,"profit_total":0.00423620101,"profit_total_pct":0.42,"duration_avg":"1 day, 5:49:00","wins":4,"draws":7,"losses":0,"winrate":0.36363636363636365,"cagr":0.05464591820625131,"expectancy":0.38510918272727274,"expectancy_ratio":100.0,"sortino":-100,"sharpe":5.396120372898511,"calmar":-100,"sqn":2.3547,"profit_factor":0.0,"max_drawdown_account":0.0,"max_drawdown_abs":0.0},{"key":"force_exit","trades":1,"profit_mean":-0.1310173810630368,"profit_mean_pct":-13.1,"profit_total_abs":-43.44849569,"profit_total":-0.04344849569,"profit_total_pct":-4.34,"duration_avg":"9 days, 18:10:00","wins":0,"draws":0,"losses":1,"winrate":0.0,"cagr":-0.42826942846131066,"expectancy":-43.44849569,"expectancy_ratio":-1.0,"sortino":-100,"sharpe":-100,"calmar":-100,"sqn":-100.0,"profit_factor":0.0,"max_drawdown_account":0.0,"max_drawdown_abs":0.0},{"key":"TOTAL","trades":12,"profit_mean":-0.00985096193647062,"profit_mean_pct":-0.99,"profit_total_abs":-39.21229468,"profit_total":-0.03921229468,"profit_total_pct":-3.92,"duration_avg":"1 day, 22:51:00","wins":4,"draws":7,"losses":1,"winrate":0.3333333333333333,"cagr":-0.39557095199468484,"expectancy":-3.2676912233333333,"expectancy_ratio":-0.658541719065441,"sortino":-100,"sharpe":-2.1305216866967505,"calmar":-59.707903245169106,"sqn":-0.8938,"profit_factor":0.09749937121470914,"max_drawdown_account":0.04326521554023057,"max_drawdown_abs":43.44849569}],"mix_tag_stats":[{"key":["","roi"],"trades":11,"profit_mean":0.0011641670750353952,"profit_mean_pct":0.12,"profit_total_abs":4.23620101,"profit_total":0.00423620101,"profit_total_pct":0.42,"duration_avg":"1 day, 5:49:00","wins":4,"draws":7,"losses":0,"winrate":0.36363636363636365,"cagr":0.05464591820625131,"expectancy":0.38510918272727274,"expectancy_ratio":100.0,"sortino":-100,"sharpe":5.396120372898511,"calmar":-100,"sqn":2.3547,"profit_factor":0.0,"max_drawdown_account":0.0,"max_drawdown_abs":0.0},{"key":["","force_exit"],"trades":1,"profit_mean":-0.1310173810630368,"profit_mean_pct":-13.1,"profit_total_abs":-43.44849569,"profit_total":-0.04344849569,"profit_total_pct":-4.34,"duration_avg":"9 days, 18:10:00","wins":0,"draws":0,"losses":1,"winrate":0.0,"cagr":-0.42826942846131066,"expectancy":-43.44849569,"expectancy_ratio":-1.0,"sortino":-100,"sharpe":-100,"calmar":-100,"sqn":-100.0,"profit_factor":0.0,"max_drawdown_account":0.0,"max_drawdown_abs":0.0},{"key":"TOTAL","trades":12,"profit_mean":-0.00985096193647062,"profit_mean_pct":-0.99,"profit_total_abs":-39.21229468,"profit_total":-0.03921229468,"profit_total_pct":-3.92,"duration_avg":"1 day, 22:51:00","wins":4,"draws":7,"losses":1,"winrate":0.3333333333333333,"cagr":-0.39557095199468484,"expectancy":-3.2676912233333333,"expectancy_ratio":-0.658541719065441,"sortino":-100,"sharpe":-2.1305216866967505,"calmar":-59.707903245169106,"sqn":-0.8938,"profit_factor":0.09749937121470914,"max_drawdown_account":0.04326521554023057,"max_drawdown_abs":43.44849569}],"left_open_trades":[{"key":"BTC/USDT","trades":1,"profit_mean":-0.1310173810630368,"profit_mean_pct":-13.1,"profit_total_abs":-43.44849569,"profit_total":-0.04344849569,"profit_total_pct":-4.34,"duration_avg":"9 days, 18:10:00","wins":0,"draws":0,"losses":1,"winrate":0.0,"cagr":-0.42826942846131066,"expectancy":-43.44849569,"expectancy_ratio":-1.0,"sortino":-100,"sharpe":-100,"calmar":-100,"sqn":-100.0,"profit_factor":0.0,"max_drawdown_account":0.0,"max_drawdown_abs":0.0},{"key":"TOTAL","trades":1,"profit_mean":-0.1310173810630368,"profit_mean_pct":-13.1,"profit_total_abs":-43.44849569,"profit_total":-0.04344849569,"profit_total_pct":-4.34,"duration_avg":"9 days, 18:10:00","wins":0,"draws":0,"losses":1,"winrate":0.0,"cagr":-0.42826942846131066,"expectancy":-43.44849569,"expectancy_ratio":-1.0,"sortino":-100,"sharpe":-100,"calmar":-100,"sqn":-100.0,"profit_factor":0.0,"max_drawdown_account":0.0,"max_drawdown_abs":0.0}],"total_trades":12,"trade_count_long":12,"trade_count_short":0,"total_volume":7915.435191445563,"avg_stake_amount":330.78468461666665,"profit_mean":-0.00985096193647062,"profit_median":0.0,"profit_total":-0.03921229468,"profit_total_long":-0.03921229468,"profit_total_short":0.0,"profit_total_abs":-39.21229468,"profit_total_long_abs":-39.21229468,"profit_total_short_abs":0.0,"cagr":-0.39557095199468484,"expectancy":-3.2676912233333333,"expectancy_ratio":-0.658541719065441,"sortino":-100,"sharpe":-2.1305216866967505,"calmar":-59.707903245169106,"sqn":-0.8938,"profit_factor":0.09749937121470914,"backtest_start":"2025-09-16 16:40:00","backtest_start_ts":1758040800000,"backtest_end":"2025-10-16 15:50:00","backtest_end_ts":1760629800000,"backtest_days":29,"backtest_run_start_ts":1760630320,"backtest_run_end_ts":1760630320,"trades_per_day":0.41,"market_change":-0.060826721357889045,"pairlist":["BTC/USDT"],"stake_amount":"unlimited","stake_currency":"USDT","stake_currency_decimals":3,"starting_balance":1000,"dry_run_wallet":1000,"final_balance":960.78770532,"rejected_signals":0,"timedout_entry_orders":0,"timedout_exit_orders":0,"canceled_trade_entries":0,"canceled_entry_orders":0,"replaced_entry_orders":0,"max_open_trades":1,"max_open_trades_setting":3,"timeframe":"5m","timeframe_detail":"","timerange":"","enable_protections":false,"strategy_name":"SampleStrategy","freqaimodel":null,"freqai_identifier":null,"stoploss":-0.278,"trailing_stop":true,"trailing_stop_positive":0.227,"trailing_stop_positive_offset":0.256,"trailing_only_offset_is_reached":true,"use_custom_stoploss":false,"minimal_roi":{"0":0.083,"14":0.05,"52":0.013,"156":0},"use_exit_signal":true,"exit_profit_only":false,"exit_profit_offset":0.0,"ignore_roi_if_entry_signal":false,"trading_mode":"spot","margin_mode":"","periodic_breakdown":{"day":[{"date":"17/09/2025","date_ts":1758067200000,"profit_abs":1.0365372,"wins":1,"draws":1,"losses":0,"trades":2,"profit_factor":0.0},{"date":"18/09/2025","date_ts":1758153600000,"profit_abs":0.0,"wins":0,"draws":0,"losses":0,"trades":0,"profit_factor":0.0},{"date":"19/09/2025","date_ts":1758240000000,"profit_abs":0.0,"wins":0,"draws":1,"losses":0,"trades":1,"profit_factor":0.0},{"date":"20/09/2025","date_ts":1758326400000,"profit_abs":0.0,"wins":0,"draws":0,"losses":0,"trades":0,"profit_factor":0.0},{"date":"21/09/2025","date_ts":1758412800000,"profit_abs":0.0,"wins":0,"draws":0,"losses":0,"trades":0,"profit_factor":0.0},{"date":"22/09/2025","date_ts":1758499200000,"profit_abs":0.0,"wins":0,"draws":0,"losses":0,"trades":0,"profit_factor":0.0},{"date":"23/09/2025","date_ts":1758585600000,"profit_abs":0.0,"wins":0,"draws":0,"losses":0,"trades":0,"profit_factor":0.0},{"date":"24/09/2025","date_ts":1758672000000,"profit_abs":0.0,"wins":0,"draws":0,"losses":0,"trades":0,"profit_factor":0.0},{"date":"25/09/2025","date_ts":1758758400000,"profit_abs":0.0,"wins":0,"draws":0,"losses":0,"trades":0,"profit_factor":0.0},{"date":"26/09/2025","date_ts":1758844800000,"profit_abs":0.0,"wins":0,"draws":0,"losses":0,"trades":0,"profit_factor":0.0},{"date":"27/09/2025","date_ts":1758931200000,"profit_abs":0.0,"wins":0,"draws":0,"losses":0,"trades":0,"profit_factor":0.0},{"date":"28/09/2025","date_ts":1759017600000,"profit_abs":0.0,"wins":0,"draws":0,"losses":0,"trades":0,"profit_factor":0.0},{"date":"29/09/2025","date_ts":1759104000000,"profit_abs":0.0,"wins":0,"draws":0,"losses":0,"trades":0,"profit_factor":0.0},{"date":"30/09/2025","date_ts":1759190400000,"profit_abs":0.0,"wins":0,"draws":0,"losses":0,"trades":0,"profit_factor":0.0},{"date":"01/10/2025","date_ts":1759276800000,"profit_abs":0.0,"wins":0,"draws":1,"losses":0,"trades":1,"profit_factor":0.0},{"date":"02/10/2025","date_ts":1759363200000,"profit_abs":1.28274098,"wins":1,"draws":0,"losses":0,"trades":1,"profit_factor":0.0},{"date":"03/10/2025","date_ts":1759449600000,"profit_abs":1.0493418,"wins":1,"draws":0,"losses":0,"trades":1,"profit_factor":0.0},{"date":"04/10/2025","date_ts":1759536000000,"profit_abs":0.86758103,"wins":1,"draws":2,"losses":0,"trades":3,"profit_factor":0.0},{"date":"05/10/2025","date_ts":1759622400000,"profit_abs":0.0,"wins":0,"draws":1,"losses":0,"trades":1,"profit_factor":0.0},{"date":"06/10/2025","date_ts":1759708800000,"profit_abs":0.0,"wins":0,"draws":1,"losses":0,"trades":1,"profit_factor":0.0},{"date":"07/10/2025","date_ts":1759795200000,"profit_abs":0.0,"wins":0,"draws":0,"losses":0,"trades":0,"profit_factor":0.0},{"date":"08/10/2025","date_ts":1759881600000,"profit_abs":0.0,"wins":0,"draws":0,"losses":0,"trades":0,"profit_factor":0.0},{"date":"09/10/2025","date_ts":1759968000000,"profit_abs":0.0,"wins":0,"draws":0,"losses":0,"trades":0,"profit_factor":0.0},{"date":"10/10/2025","date_ts":1760054400000,"profit_abs":0.0,"wins":0,"draws":0,"losses":0,"trades":0,"profit_factor":0.0},{"date":"11/10/2025","date_ts":1760140800000,"profit_abs":0.0,"wins":0,"draws":0,"losses":0,"trades":0,"profit_factor":0.0},{"date":"12/10/2025","date_ts":1760227200000,"profit_abs":0.0,"wins":0,"draws":0,"losses":0,"trades":0,"profit_factor":0.0},{"date":"13/10/2025","date_ts":1760313600000,"profit_abs":0.0,"wins":0,"draws":0,"losses":0,"trades":0,"profit_factor":0.0},{"date":"14/10/2025","date_ts":1760400000000,"profit_abs":0.0,"wins":0,"draws":0,"losses":0,"trades":0,"profit_factor":0.0},{"date":"15/10/2025","date_ts":1760486400000,"profit_abs":0.0,"wins":0,"draws":0,"losses":0,"trades":0,"profit_factor":0.0},{"date":"16/10/2025","date_ts":1760572800000,"profit_abs":-43.44849569,"wins":0,"draws":0,"losses":1,"trades":1,"profit_factor":0.0}],"week":[{"date":"22/09/2025","date_ts":1758499200000,"profit_abs":1.0365372,"wins":1,"draws":2,"losses":0,"trades":3,"profit_factor":0.0},{"date":"29/09/2025","date_ts":1759104000000,"profit_abs":0.0,"wins":0,"draws":0,"losses":0,"trades":0,"profit_factor":0.0},{"date":"06/10/2025","date_ts":1759708800000,"profit_abs":3.19966381,"wins":3,"draws":5,"losses":0,"trades":8,"profit_factor":0.0},{"date":"13/10/2025","date_ts":1760313600000,"profit_abs":0.0,"wins":0,"draws":0,"losses":0,"trades":0,"profit_factor":0.0},{"date":"20/10/2025","date_ts":1760918400000,"profit_abs":-43.44849569,"wins":0,"draws":0,"losses":1,"trades":1,"profit_factor":0.0}],"month":[{"date":"30/09/2025","date_ts":1759190400000,"profit_abs":1.0365372,"wins":1,"draws":2,"losses":0,"trades":3,"profit_factor":0.0},{"date":"31/10/2025","date_ts":1761868800000,"profit_abs":-40.24883188,"wins":3,"draws":5,"losses":1,"trades":9,"profit_factor":0.07364268}],"year":[{"date":"31/12/2025","date_ts":1767139200000,"profit_abs":-39.21229468,"wins":4,"draws":7,"losses":1,"trades":12,"profit_factor":0.09749937}]},"backtest_best_day":0.00387974975498605,"backtest_worst_day":-0.1310173810630368,"backtest_best_day_abs":1.28274098,"backtest_worst_day_abs":-43.44849569,"winning_days":4,"draw_days":25,"losing_days":1,"daily_profit":[["2025-09-17",1.0365372],["2025-09-18",0.0],["2025-09-19",0.0],["2025-09-20",0.0],["2025-09-21",0.0],["2025-09-22",0.0],["2025-09-23",0.0],["2025-09-24",0.0],["2025-09-25",0.0],["2025-09-26",0.0],["2025-09-27",0.0],["2025-09-28",0.0],["2025-09-29",0.0],["2025-09-30",0.0],["2025-10-01",0.0],["2025-10-02",1.28274098],["2025-10-03",1.0493418],["2025-10-04",0.86758103],["2025-10-05",0.0],["2025-10-06",0.0],["2025-10-07",0.0],["2025-10-08",0.0],["2025-10-09",0.0],["2025-10-10",0.0],["2025-10-11",0.0],["2025-10-12",0.0],["2025-10-13",0.0],["2025-10-14",0.0],["2025-10-15",0.0],["2025-10-16",-43.44849569]],"wins":4,"losses":1,"draws":7,"winrate":0.3333333333333333,"holding_avg":"1 day, 22:51:00","holding_avg_s":168660.0,"winner_holding_min":"0d 02:40","winner_holding_min_s":9600.0,"winner_holding_max":"0d 02:40","winner_holding_max_s":9600.0,"winner_holding_avg":"0d 02:40","winner_holding_avg_s":9600.0,"loser_holding_min":"9d 18:10","loser_holding_min_s":843000.0,"loser_holding_max":"9d 18:10","loser_holding_max_s":843000.0,"loser_holding_avg":"9d 18:10","loser_holding_avg_s":843000.0,"max_consecutive_wins":3,"max_consecutive_losses":5,"max_drawdown_account":0.04326521554023057,"max_relative_drawdown":0.04326521554023057,"max_drawdown_abs":43.44849569,"drawdown_start":"2025-10-04 04:40:00","drawdown_start_ts":1759552800000.0,"drawdown_end":"2025-10-16 15:50:00","drawdown_end_ts":1760629800000.0,"drawdown_duration":"12 days 11:10:00","drawdown_duration_s":1077000.0,"max_drawdown_low":-39.21229468,"max_drawdown_high":4.23620101,"csum_min":960.78770532,"csum_max":1004.23620101}},"strategy_comparison":[{"key":"SampleStrategy","trades":12,"profit_mean":-0.00985096193647062,"profit_mean_pct":-0.99,"profit_total_abs":-39.21229468,"profit_total":-0.03921229468,"profit_total_pct":-3.92,"duration_avg":"1 day, 22:51:00","wins":4,"draws":7,"losses":1,"winrate":0.3333333333333333,"cagr":-0.39557095199468484,"expectancy":-3.2676912233333333,"expectancy_ratio":-0.658541719065441,"sortino":-100,"sharpe":-2.1305216866967505,"calmar":-59.707903245169106,"sqn":-0.8938,"profit_factor":0.09749937121470914,"max_drawdown_account":0.04326521554023057,"max_drawdown_abs":"43.448"}]}